protein,chain,drug_name,drug_id,group1,group,drug_name1
6X2Z,A,ASP,600,SLC1A1,ASP,ASP
5JWI,A,GLU,802,dpp11,GLU,GLU
6XWP,B,ASP,501,TK0986,ASP,ASP
6HCH,A,GLU,301,Gria2,GLU,GLU
2GVN,A,ASP,3350,lanS,ASP,ASP
5TPA,A,GLU,301,Grin2a,GLU,GLU
5I4B,A,ASP,400,ansB,ASP,ASP
1US5,A,GLU,1315,GluR0,GLU,GLU
8ECD,A,ASP,401,ansB,ASP,ASP
2XXR,A,GLU,900,Grik2,GLU,GLU
5E9S,A,ASP,501,TK0986,ASP,ASP
5ELV,A,GLU,313,Gria2,GLU,GLU
6TNH,A,ASP,407,phiVC8,ASP,ASP
6DM0,B,GLU,1301,Gria2,GLU,GLU
6V75,C,ASP,610,PKM,ASP,ASP
5H8H,A,GLU,302,Grin2a,GLU,GLU
6WYL,A,ASP,501,PH1295,ASP,ASP
7LZ0,A,GLU,301,GLR3,GLU,GLU
6BAT,A,ASP,503,PH1295,ASP,ASP
6H2T,A,GLU,401,glnH,GLU,GLU
